Video_Title,Video_Link,Channel_Name,Channel_Link,Total_Views,Publish_Date,Description
"
            
            Data Science In 5 Minutes | Data Science For Beginners | What Is Data Science? | Simplilearn
          ",https://www.youtube.com/watch?v=X3paOmcrTjQ&pp=ygUMRGF0YSBTY2llbmNl,Simplilearn,https://www.youtube.com/@SimplilearnOfficial,3.3M views,4 years ago,Below topics are explained in this Data Science tutorial: 00:00 Introduction 00:10 Life of a Data Scientist Steps in Data Science ...
"
            
            What is Data Science?
          ",https://www.youtube.com/watch?v=RBSUwFGa6Fk&pp=ygUMRGF0YSBTY2llbmNl,IBM Technology,https://www.youtube.com/@IBMTechnology,74K views,10 months ago,"Data Science is the convergence of computer science, mathematics, and business expertise and helps entrepreneurs predict, ..."
"
            
            What Is Data Science? (Explained in 5 Minutes)
          ",https://www.youtube.com/watch?v=uswU1s3M2VE&pp=ygUMRGF0YSBTY2llbmNl,365 Data Science,https://www.youtube.com/@365DataScience,131K views,1 year ago,You want to learn what Data Science is? And you like brief explanations? Then this is the perfect video for you! Video ...
"
            
            Data Science Career: (Is Becoming A Data Scientist ACTUALLY Worth It?)
          ",https://www.youtube.com/watch?v=O9nf1CqjGzI&pp=ygUMRGF0YSBTY2llbmNl,Shane Hummus,https://www.youtube.com/@ShaneHummus,131K views,1 year ago,---------- These videos are for entertainment purposes only and they are just Shane's opinion based off of his own life experience ...
"
            
            What REALLY is Data Science? Told by a Data Scientist
          ",https://www.youtube.com/watch?v=xC-c7E5PK0Y&pp=ygUMRGF0YSBTY2llbmNl,Joma Tech,https://www.youtube.com/@jomaoppa,3.3M views,4 years ago,Some of the links in this description are affiliate links that I get a kickback from.
"
            
            Learn Data Science Tutorial - Full Course for Beginners
          ",https://www.youtube.com/watch?v=ua-CiDNNj30&pp=ygUMRGF0YSBTY2llbmNl,freeCodeCamp.org,https://www.youtube.com/@freecodecamp,2.6M views,3 years ago,"Learn Data Science is this full tutorial course for absolute beginners. Data science is considered the ""sexiest job of the 21st ..."
"
            
            How I'd become a Data Analyst | If I had to start all over again
          ",https://www.youtube.com/watch?v=d_2fGS6QVDo&pp=ygUMRGF0YSBTY2llbmNl,Data With Mo,https://www.youtube.com/@datawithmo,129K views,1 month ago,"I'll show you how I'd become a data analyst in 2023, if I had to do it all over again. I've learned so many cool, but very much ..."
"
            
            Data Science Full Course - Learn Data Science in 10 Hours | Data Science For Beginners | Edureka
          ",https://www.youtube.com/watch?v=-ETQ97mXXF0&pp=ygUMRGF0YSBTY2llbmNl,edureka!,https://www.youtube.com/@edurekaIN,3.1M views,3 years ago,-------Edureka Data Science Training & Certifications-------- Data Science Training using Python: http://bit.ly/2P2Qbl8 Data ...
"
            
            Data Science is Officially Dead
          ",https://www.youtube.com/watch?v=8ttGzR2U57A&pp=ygUMRGF0YSBTY2llbmNl,the data janitor,https://www.youtube.com/@thedatajanitor9537,3.8K views,1 month ago,"It didn't even make the top 25 jobs this year. Bye, Bye."
"
            
            What is data science || explanation ||
          ",https://www.youtube.com/watch?v=eJimwunlog0&pp=ygUMRGF0YSBTY2llbmNl,Super Tech,https://www.youtube.com/@SuperTech-tc5zc,No views,11 hours ago,what is data science used for ? analysis of complex data predicative modeling.
"
            
            The Harsh Reality of Being a Data Scientist
          ",https://www.youtube.com/watch?v=pn0PUY0jwGQ&pp=ygUMRGF0YSBTY2llbmNl,Sundas Khalid,https://www.youtube.com/@SundasKhalid,416K views,8 months ago,"Data Scientist is a great role to be in but it comes with its cons. In this video, we are discussing the unglamorous side of data ..."
"
            
            Machine Learning Series- Universe of Data Science #Day1
          ",https://www.youtube.com/watch?v=kEmnkUw0NTs&pp=ygUMRGF0YSBTY2llbmNl,Krish Naik,https://www.youtube.com/@krishnaik06,7.1K views,16 hours ago,Materials And Dashboard access after the video https://ineuron.ai/course/Machine-Learning-Community-Class Starting a new ...
"
            
            Intro to Data Science - Crash Course for Beginners
          ",https://www.youtube.com/watch?v=N6BghzuFLIg&pp=ygUMRGF0YSBTY2llbmNl,freeCodeCamp.org,https://www.youtube.com/@freecodecamp,372K views,4 years ago,"In this course for beginners, you will learn about: 1. Statistics: we talk about the types of data you'll encounter, types of averages, ..."
"
            
            How I Would NOT Learn Data Science in 2023.
          ",https://www.youtube.com/watch?v=t6CD1EwU5kc&pp=ygUMRGF0YSBTY2llbmNl,Ken Jee,https://www.youtube.com/@KenJee_ds,104K views,3 months ago,DataScience #KenJee In this video I talk about how I would not learn data science in 2023. I take a look at the 7 traps that data ...
"
            
            Data Science Full Course - 12 Hours | Data Science For Beginners [2023] | Edureka
          ",https://www.youtube.com/watch?v=xiEC5oFsq2s&pp=ygUMRGF0YSBTY2llbmNl,edureka!,https://www.youtube.com/@edurekaIN,60K views,Streamed 3 months ago,Edureka Online Training and Certifications DevOps Online Training: ...
"
            
            Do You Need Math for Data Science?
          ",https://www.youtube.com/watch?v=jjidSjVnOLk&pp=ygUMRGF0YSBTY2llbmNl,Sundas Khalid,https://www.youtube.com/@SundasKhalid,63K views,1 year ago,~~~ CERTIFICATES & COURSES ~~~ DATA SCIENTIST Data Science Certificate ...
"
            
            Why you should not be a data scientist
          ",https://www.youtube.com/watch?v=sOZ8MxFw8TQ&pp=ygUMRGF0YSBTY2llbmNl,Tina Huang,https://www.youtube.com/@TinaHuang1,690K views,1 year ago,"I've been a FAANG data scientist for over a year now. While that's not a lot of time, I've had the amazing opportunity to work with ..."
"
            
            Online study data science intelipaat 5.0
          ",https://www.youtube.com/watch?v=rB5rXqAmMVU&pp=ygUMRGF0YSBTY2llbmNl,Simplilearn 5.0,https://www.youtube.com/@bangervlogbanger1006,144 views,17 hours ago,
"
            
            Data Scientist - Day in Life in NYC
          ",https://www.youtube.com/watch?v=whvCIVRLUEs&pp=ygUMRGF0YSBTY2llbmNl,Kanika Jindal,https://www.youtube.com/@kanikajindal,1.1M views,5 months ago,"I moved to New York to work at the biggest American bank. About me: Graduate student at University of Southern California, Los ..."
"
            
            How I'd Learn Data Analytics in 2023 (If I Had to Start Over)
          ",https://www.youtube.com/watch?v=f3FnCoKWmBg&pp=ygUMRGF0YSBTY2llbmNl,CareerFoundry,https://www.youtube.com/@careerfoundry,493K views,8 months ago,"Looking to get started in Data Analytics in 2023? This is the video for you! In it, we share what you need to know and the steps you ..."
"
            
            How I'd Learn Data Science In 2023 (If I Could Restart) | A Beginner's Roadmap
          ",https://www.youtube.com/watch?v=Z79AqDouS-Y&pp=ygUMRGF0YSBTY2llbmNl,Data Nash,https://www.youtube.com/@datanash8200,15K views,3 months ago,A beginner's guide to getting into data science in 2023!
"
            
            PyMC-Marketing: Bayesian Approach to Marketing Data Science
          ",https://www.youtube.com/watch?v=7a_HL5BRB-s&pp=ygUMRGF0YSBTY2llbmNl,PyMC Labs,https://www.youtube.com/@PyMCLabs,,,
"
            
            What is Data Science? | Introduction to Data Science | Data Science for Beginners | Simplilearn
          ",https://www.youtube.com/watch?v=KxryzSO1Fjs&pp=ygUMRGF0YSBTY2llbmNl,Simplilearn,https://www.youtube.com/@SimplilearnOfficial,455K views,5 years ago,"This Data Science tutorial will help you in understanding what is Data Science, why we need Data Science, the prerequisites for ..."
"
            
            Data Science Roadmap 2023 | Learn Data Science Skills in 6 Months
          ",https://www.youtube.com/watch?v=eaFaD_IBYW4&pp=ygUMRGF0YSBTY2llbmNl,codebasics,https://www.youtube.com/@codebasics,112K views,3 months ago,"The only roadmap you need to learn skills required for a data scientist career in 2023. No clickbait, No BS. Only real advice."
"
            
            Data Science Roadmap for beginners #datascience #dataanalytics #roadmap
          ",https://www.youtube.com/watch?v=OPprWEMmXWU&pp=ygUMRGF0YSBTY2llbmNl,Brillica Services Private Limited,https://www.youtube.com/@brillicaservicesprivatelim2415,No views,25 minutes ago,If you aspire to be a Data scientist then there are so many questions in your mind like how to start? what to learn? which is the best ...
"
            
            why Data science role?
          ",https://www.youtube.com/watch?v=oh6-wcR9VyM&pp=ygUMRGF0YSBTY2llbmNl,Akash Kumar,https://www.youtube.com/@AkashKumar-mb4pd,2 views,1 hour ago,
"
            
            How to choose between software engineering and data science | 5 Key Considerations
          ",https://www.youtube.com/watch?v=JUkSeqe1eYQ&pp=ygUMRGF0YSBTY2llbmNl,Tina Huang,https://www.youtube.com/@TinaHuang1,371K views,2 years ago,"Software Engineering vs Data Science? Last year, I made a choice between a software engineering and a data science position."
"
            
            What is Data Mining?
          ",https://www.youtube.com/watch?v=7rs0i-9nOjo&pp=ygUMRGF0YSBTY2llbmNl,IBM Technology,https://www.youtube.com/@IBMTechnology,42K views,1 year ago,"You may not have a crystal ball for predicting your business's future, but you may gain an advantage when you know how to mine ..."
"
            
            IBM Data Analyst Complete Course | Data Analyst Tutorial For Beginners,
          ",https://www.youtube.com/watch?v=1PAy6d16ADQ&pp=ygUMRGF0YSBTY2llbmNl,My Lesson,https://www.youtube.com/@MyLesson007,331K views,5 months ago,Build job-ready skills by learning from the best Get started in the in-demand field of data analytics with a Professional Certificate ...
"
            
            The Only Data Science Explanation You Need
          ",https://www.youtube.com/watch?v=rEWPqw6rMGI&pp=ygUMRGF0YSBTY2llbmNl,Ken Jee,https://www.youtube.com/@KenJee_ds,34K views,1 year ago,This video is for anyone who wants a no-nonsense explanation of what data science is and the type of work that data scientists do.
"
            
            Work Week In My Life | Data Scientist at Spotify
          ",https://www.youtube.com/watch?v=nLPve1gGSMU&pp=ygUMRGF0YSBTY2llbmNl,julia fei,https://www.youtube.com/@juliafei,815K views,11 months ago,"Hi Friends, I'm finally back with another work week in my life video! So much has changed since I filmed the last one so I wanted to ..."
"
            
            6 Times UPSC FAILED and 3 LPA in WIPRO to TOP DATA SCIENTISTS🔥 How to BEAT THE FAILURES ??😎
          ",https://www.youtube.com/watch?v=WfVhOeLW5Go&pp=ygUMRGF0YSBTY2llbmNl,E-Learning Bridge,https://www.youtube.com/@shashank_mishra,35K views,11 days ago,Join me on a journey of resilience and determination as we explore the inspiring stories of two individuals who refused to let ...
"
            
            Hiring for skills you don't have | Data Science Hangout | Oscar Baruffa, IDH
          ",https://www.youtube.com/watch?v=JvnFdl-Do-s&pp=ygUMRGF0YSBTY2llbmNl,Posit PBC,https://www.youtube.com/@PositPBC,187 views,14 hours ago,"We were joined by Oscar Baruffa, Senior Analytics Manager at IDH. We discussed the ""soft skills"" side of data science and how we ..."
"
            
            Harvard CS50 – Full Computer Science University Course
          ",https://www.youtube.com/watch?v=8mAITcNt710&pp=ygUMRGF0YSBTY2llbmNl,freeCodeCamp.org,https://www.youtube.com/@freecodecamp,5.4M views,5 months ago,"Learn the basics of computer science from Harvard University. This is CS50, an introduction to the intellectual enterprises of ..."
"
            
            Data Analysis End-to-End Project for Portfolio STEP BY STEP | How to create a Data Analyst Project
          ",https://www.youtube.com/watch?v=obJZ1rB7TKc&pp=ygUMRGF0YSBTY2llbmNl,Tech Classes,https://www.youtube.com/@techclasses0810,65K views,2 months ago,... with Python Data manipulation in Python Python data analysis libraries Data analysis project Data analyst project Data analytics ...
"
            
            Google Certificate Tier List
          ",https://www.youtube.com/watch?v=kqNpp0rxp8k&pp=ygUMRGF0YSBTY2llbmNl,Shane Hummus,https://www.youtube.com/@ShaneHummus,24K views,12 days ago,Google Data Analytics : https://coursera.pxf.io/gbNzrg Google IT Automation With Python: https://coursera.pxf.io/e4xKEZ Google ...
"
            
            SEO In 5 Minutes | What Is SEO And How Does It Work | SEO Explained | SEO Tutorial | Simplilearn
          ",https://www.youtube.com/watch?v=MYE6T_gd7H0&pp=ygUMRGF0YSBTY2llbmNl,Simplilearn,https://www.youtube.com/@SimplilearnOfficial,871K views,2 years ago,"... various technologies like Data Science, Cybersecurity, Project Management & Leadership, Digital Marketing, and much more."
"
            
            Data Science for Engineering
          ",https://www.youtube.com/watch?v=73DNkfcTikg&pp=ygUMRGF0YSBTY2llbmNl,NPTEL Feedback,https://www.youtube.com/@nptelfeedback1989,No views,20 hours ago,
"
            
            Statistics in Data Science. #statistics #mean #median #model #ai #aitutorial #datascience #shorts
          ",https://www.youtube.com/shorts/I2s6ppCY5iM,AD ACADEMY AI,https://www.youtube.com/@ad_academy_ai,32 views,2 hours ago,
"
            
            Statistics for Data Science | Probability and Statistics | Statistics Tutorial | Ph.D. (Stanford)
          ",https://www.youtube.com/watch?v=Vfo5le26IhY&pp=ygUMRGF0YSBTY2llbmNl,Great Learning,https://www.youtube.com/@greatlearning,1.5M views,3 years ago,Great Learning offers a range of extensive Data Science courses that enable candidates for diverse work professions in Data ...
"
            
            Diversity in Data Science: Moving From Inclusion to Influence
          ",https://www.youtube.com/watch?v=vBghqaowprU&pp=ygUMRGF0YSBTY2llbmNl,YYC Data Society,https://www.youtube.com/@yycdatasociety1896,No views,4 hours ago,"Tomi Ajele moderates a panel discussion with Mariana de la Torre (Johnson and Johnson), Shari Grayson (Informed Opinions), ..."
"
            
            Data Science Career by Lawrence Moruye
          ",https://www.youtube.com/watch?v=4ZOTYeoRHG0&pp=ygUMRGF0YSBTY2llbmNl,Lux Tech Academy,https://www.youtube.com/@luxtechacademy586,No views,12 hours ago,Data Science East Africa and Lux Academy Bootcamp.
"
            
            Statistics - A Full University Course on Data Science Basics
          ",https://www.youtube.com/watch?v=xxpc-HPKN28&pp=ygUMRGF0YSBTY2llbmNl,freeCodeCamp.org,https://www.youtube.com/@freecodecamp,2.2M views,3 years ago,"Learn the essentials of statistics in this complete course. This course introduces the various methods used to collect, organize, ..."
"
            
            What is Data Science?
          ",https://www.youtube.com/watch?v=t8JRidxZCXU&pp=ygUMRGF0YSBTY2llbmNl,CodeWithHarry,https://www.youtube.com/@CodeWithHarry,1.4M views,1 year ago,What exactly is data science - A question many beginners ask. This video will answer this question and will teach you exactly what ...
"
            
            Amin Sukhera: CEO SkyElectric, Solar Energy, Data Science & Affordable Electricity | 322 | TBT
          ",https://www.youtube.com/watch?v=HLQGnwTpi7U&pp=ygUMRGF0YSBTY2llbmNl,Muzamil Hasan,https://www.youtube.com/@MuzamilHasan,12K views,8 days ago,Amin Sukhera is the CEO of SkyElectric Pvt. Ltd. #thoughtbehindthings #muzamilhasan #skyelectric 00:00 Introduction 00:58 ...
"
            
            A Day in the life of a Data Analyst in Chicago
          ",https://www.youtube.com/watch?v=gamjNp2CToQ&pp=ygUMRGF0YSBTY2llbmNl,Justin Shin,https://www.youtube.com/@justinshin,549K views,10 months ago,In this video I'll be sharing my day as a data analyst and breaking down my data analytics workflow. I went on a business trip to ...
"
            
            Data Scrapping 27 Tools | Zeeshan Usmani
          ",https://www.youtube.com/watch?v=Oxj1jMX0CG4&pp=ygUMRGF0YSBTY2llbmNl,Zeeshan Usmani,https://www.youtube.com/@zusmani78,34K views,1 year ago,"I've managed budgets upwards of 150 million dollars and am also able to be hands-on within data science, blockchain, and ..."
"
            
            Data Structures Easy to Advanced Course - Full Tutorial from a Google Engineer
          ",https://www.youtube.com/watch?v=RBSGKlAvoiM&pp=ygUMRGF0YSBTY2llbmNl,freeCodeCamp.org,https://www.youtube.com/@freecodecamp,5.4M views,3 years ago,Learn and master the most common data structures in this full course from Google engineer William Fiset. This course teaches ...
"
            
            Complete Data Analyst Roadmap 2023 in Hindi | Learn data analytics skills in 3 months
          ",https://www.youtube.com/watch?v=-j_HnYgIjQw&pp=ygUMRGF0YSBTY2llbmNl,codebasics Hindi,https://www.youtube.com/@codebasicsHindi,203K views,3 months ago,"The only roadmap you need to learn data analyst skills in 3 months. No clickbait, no BS. Only real advice. This roadmap has ..."
"
            
            Discover our Data Science bootcamp: Learn Essential Skills for a Career in Data
          ",https://www.youtube.com/watch?v=26rHTqbcI_8&pp=ygUMRGF0YSBTY2llbmNl,Le Wagon,https://www.youtube.com/@LeWagon,111 views,4 days ago,Are you interested in a career in Data Science? Our comprehensive bootcamp is designed to give you the skills and knowledge ...
"
            
            Excel Data Analytics Full Course | Essential Skills For Data Analysis In Excel | Simplilearn
          ",https://www.youtube.com/watch?v=OOWAk2aLEfk&pp=ygUMRGF0YSBTY2llbmNl,Simplilearn,https://www.youtube.com/@SimplilearnOfficial,1.3M views,2 years ago,"This Excel Data Analytics Full Course video will help you understand the various crucial functions available in Excel, such as ..."
"
            
            What is Data Mining|Data Mining in Hindi|Data Mining Tutorial for Beginners|Data Mining
          ",https://www.youtube.com/watch?v=KijNedsQBCs&pp=ygUMRGF0YSBTY2llbmNl,Code-yug,https://www.youtube.com/@Codeyug,36K views,1 year ago,"What is Data Mining|Data Mining in Hindi|Data Mining Tutorial for Beginners|Data Mining In this video,i have explained about ..."
"
            
            Job opportunity in Data science Management
          ",https://www.youtube.com/watch?v=2sctz-dpp0k&pp=ygUMRGF0YSBTY2llbmNl,Rudrendu Shekhar,https://www.youtube.com/@rudrendu,No views,5 hours ago,Data science courses from Lelawati Institute.
"
            
            Look-Ahead Bias - Future Data  | Financial Data Science | Dr. Ernest P. Chan
          ",https://www.youtube.com/watch?v=az7M5X3BEWU&pp=ygUMRGF0YSBTY2llbmNl,Quantra,https://www.youtube.com/@quantra,72 views,18 hours ago,FREE PREVIEW: https://quantra.quantinsti.com/course/financial-data-science-feature-engineering Welcome to this video lesson ...
"
            
            My Data Science Journey with Non-Tech Background
          ",https://www.youtube.com/watch?v=8_o2XWVK95E&pp=ygUMRGF0YSBTY2llbmNl,Sundas Khalid,https://www.youtube.com/@SundasKhalid,15K views,8 days ago,"In today's video, I am share my data science journey from non-tech background. My goal in sharing this video is to inspire others ..."
"
            
            Python Tutorial - Python Full Course for Beginners
          ",https://www.youtube.com/watch?v=_uQrJ0TkZlc&pp=ygUMRGF0YSBTY2llbmNl,Programming with Mosh,https://www.youtube.com/@programmingwithmosh,32M views,4 years ago,Python tutorial - Python full course for beginners - Go from Zero to Hero with Python (includes machine learning & web ...
"
            
            SQL Tutorial - Full Database Course for Beginners
          ",https://www.youtube.com/watch?v=HXV3zeQKqGY&pp=ygUMRGF0YSBTY2llbmNl,freeCodeCamp.org,https://www.youtube.com/@freecodecamp,15M views,4 years ago,"The course is designed for beginners to SQL and database management systems, and will introduce common database ..."
"
            
            ChatGPT, Explained: What to Know About OpenAI's Chatbot | Tech News Briefing Podcast | WSJ
          ",https://www.youtube.com/watch?v=qqxdsooKggE&pp=ygUMRGF0YSBTY2llbmNl,Wall Street Journal,https://www.youtube.com/@wsj,379K views,4 months ago,"ChatGPT, Lensa and DALL-E are giving more people without computing skills the chance to interact with artificial intelligence."
"
            
            real talk about my Data Scientist jobs + salary for entry level data science
          ",https://www.youtube.com/watch?v=5O9abIxIqNA&pp=ygUMRGF0YSBTY2llbmNl,The Almost Astrophysicist,https://www.youtube.com/@TheAlmostAstrophysicist,366K views,1 year ago,so I left astrophysics to become a data scientist straight out of college SO here are 5 massive realizations about the data science ...
"
            
            How to become a Data Analyst in 2023 - Salary min. 6 LPA (No Coding)
          ",https://www.youtube.com/watch?v=ttm2fJy-HJ4&pp=ygUMRGF0YSBTY2llbmNl,Learn With Lokesh Lalwani,https://www.youtube.com/@learnwithlokeshlalwani,100K views,1 month ago,Dataanalyst #powerbi #lokeshlalwani #learnwithlokeshlalwani Here is a link to my Free Masterclass ...
"
            
            Complete Roadmap to Become a Data Scientist
          ",https://www.youtube.com/watch?v=XnNzck5-HdQ&pp=ygUMRGF0YSBTY2llbmNl,CodeWithHarry,https://www.youtube.com/@CodeWithHarry,1.3M views,2 years ago,How to become a Data Scientist: Become a self taught data scientist using this learning path. This video will teach you about data ...
"
            
            Data Science in a Minute: Building Random Arrays with NumPy
          ",https://www.youtube.com/watch?v=J2GQnv7p5QI&pp=ygUMRGF0YSBTY2llbmNl,Kaddu Livingstone,https://www.youtube.com/@KadduLivingstone,7 views,14 hours ago,Learn how to generate a random array in just one minute using Python's NumPy library. This quick tutorial will show you how to ...
"
            
            How I Learned Data Science vs Roadmap! The Reality!
          ",https://www.youtube.com/watch?v=5QnXkgZAyEw&pp=ygUMRGF0YSBTY2llbmNl,Harnoor Singh,https://www.youtube.com/@HarnoorSinghOfficial,32K views,1 month ago,"Guide to Become Data Scientist in 2022, why Data Science is hard! Machine Learning, AI, Deep Learning Data Science Discord ..."
"
            
            The Ultimate Coding Setup for Data Science
          ",https://www.youtube.com/watch?v=TdbeymTcYYE&pp=ygUMRGF0YSBTY2llbmNl,Rob Mulla,https://www.youtube.com/@robmulla,55K views,5 months ago,"In this video I go though how I setup my operating system to code for datascience. We talk about operating system, terminal, IDEs ..."
"
            
            How to tell if a career in Data Analytics is right for you...
          ",https://www.youtube.com/watch?v=NOJKAzIH8hA&pp=ygUMRGF0YSBTY2llbmNl,CareerFoundry,https://www.youtube.com/@careerfoundry,145K views,7 months ago,Are you thinking about a career change and wondering if data analytics would be a good fit for you in 2023? In this video we will ...
"
            
            Python for Data Science - Course for Beginners (Learn Python, Pandas, NumPy, Matplotlib)
          ",https://www.youtube.com/watch?v=LHBE6Q9XlzI&pp=ygUMRGF0YSBTY2llbmNl,freeCodeCamp.org,https://www.youtube.com/@freecodecamp,2.8M views,2 years ago,This Python data science course will take you from knowing nothing about Python to coding and analyzing data with Python using ...
"
            
            Python Machine Learning Tutorial (Data Science)
          ",https://www.youtube.com/watch?v=7eh4d6sabA0&pp=ygUMRGF0YSBTY2llbmNl,Programming with Mosh,https://www.youtube.com/@programmingwithmosh,1.9M views,2 years ago,Want to learn more from me? Courses: https://codewithmosh.com Twitter: https://twitter.com/moshhamedani Facebook: ...
"
            
            How I Would Learn Data Science in 2023? (If I could start over)
          ",https://www.youtube.com/watch?v=ZWgRvW8d_N4&pp=ygUMRGF0YSBTY2llbmNl,Sundas Khalid,https://www.youtube.com/@SundasKhalid,95K views,3 months ago,"Hi friends, in today's video I am sharing my framework on how I would learn data science in 2023 if I had to start all over again."
"
            
            Data Science Full Course 2020 | Data Science For Beginners | Data Science from Scratch | Simplilearn
          ",https://www.youtube.com/watch?v=7WRlYJFG7YI&pp=ygUMRGF0YSBTY2llbmNl,Simplilearn,https://www.youtube.com/@SimplilearnOfficial,302K views,3 years ago,Will cover all the below-given topics required for a complete Data Science Tutorial: 0. Introduction (0:00) 1. Data Science basics ...
"
            
            Why being a data scientist is awesome!
          ",https://www.youtube.com/watch?v=DoFZtsV25Zw&pp=ygUMRGF0YSBTY2llbmNl,Tina Huang,https://www.youtube.com/@TinaHuang1,273K views,1 year ago,"In the last video, we talked about why you should not be a data scientist. If you still think that data science could be the right career ..."
"
            
            Google Advanced Data Analytics Professional Certificate First Look | Is it Worth it?
          ",https://www.youtube.com/watch?v=gTf2GLEhKgA&pp=ygUMRGF0YSBTY2llbmNl,Alex The Analyst,https://www.youtube.com/@AlexTheAnalyst,80K views,8 days ago,The Brand New Google Advanced Data Analytics Professional Certificate is here! In this video we take an initial look and see if it's ...
"
            
            Data Analysts are lowest paid in Data Science 💸🥵
          ",https://www.youtube.com/shorts/0qcsqdeDbc0,Luke Barousse,https://www.youtube.com/@LukeBarousse,42K views,3 months ago,"As a member of the Amazon, Coursera, Hostinger, and Parallels Affiliate Programs, I earn a commission from qualifying ..."
"
            
            What is Data Science? | Complete RoadMap | Simply Explained
          ",https://www.youtube.com/watch?v=jtn-hRJjl68&pp=ygUMRGF0YSBTY2llbmNl,Apna College,https://www.youtube.com/@ApnaCollegeOfficial,1.5M views,1 year ago,Java Placement Course : https://www.youtube.com/watch?v=yRpLlJmRo2w&list=PLfqMhTWNBTe3LtFWcvwpqTkUSlB32kJop ...
"
            
            Is Data Science A Good Career?
          ",https://www.youtube.com/watch?v=OybXWl3IWvI&pp=ygUMRGF0YSBTY2llbmNl,Ken Jee,https://www.youtube.com/@KenJee_ds,52K views,6 months ago,Today I answer the question: Is data science a good career? I base this off of 5 criteria that I find relevant. 1) Growth of the career ...
"
            
            real talk about Data Scientist salaries and what to expect over time
          ",https://www.youtube.com/watch?v=9-67jOMpf3w&pp=ygUMRGF0YSBTY2llbmNl,The Almost Astrophysicist,https://www.youtube.com/@TheAlmostAstrophysicist,13K views,8 months ago,"From feeling pretty underpaid to now being at a tech start-up and feeling less underpaid, I've learned a lot about Data Scientist ..."
"
            
            Data Science Job Interview – Full Mock Interview
          ",https://www.youtube.com/watch?v=sD468LfeVdc&pp=ygUMRGF0YSBTY2llbmNl,freeCodeCamp.org,https://www.youtube.com/@freecodecamp,165K views,1 month ago,This full-length interview will show you what a data science interview is like. This is a great video for anyone currently in the ...
"
            
            Work Day in My Life as a Data Scientist & Content Creator | *very productive but realistic*
          ",https://www.youtube.com/watch?v=oJhF2xThXI0&pp=ygUMRGF0YSBTY2llbmNl,julia fei,https://www.youtube.com/@juliafei,135K views,1 month ago,"Hello friends, It's been a hot minute since I filmed one of these! To be honest, my work day doesn't change that much and I don't ..."
"
            
            How I Became a Self-Taught Data Scientist with Non-Tech Background
          ",https://www.youtube.com/watch?v=Zoc9USYVdWM&pp=ygUMRGF0YSBTY2llbmNl,Sundas Khalid,https://www.youtube.com/@SundasKhalid,55K views,10 months ago,"Hi friends, I am sharing my transition to data science with non-tech background as well as my experience working at big tech ..."
"
            
            Make Money Online as a Data Analyst with FREE Google Certifications & Training
          ",https://www.youtube.com/watch?v=j62iI6i47Yc&pp=ygUMRGF0YSBTY2llbmNl,SuperHumans Life,https://www.youtube.com/@SuperHumansLife,160K views,1 month ago,"In today's digital age, data analytics is a rapidly growing field with a wide range of career opportunities. If you're looking to become ..."
"
            
            Top Courses to Learn Data Science Skills FAST!
          ",https://www.youtube.com/watch?v=ho9vNL4MYZ8&pp=ygUMRGF0YSBTY2llbmNl,Thu Vu data analytics,https://www.youtube.com/@Thuvu5,111K views,6 months ago,Hi data nerds! Today I'm sharing with you my recommended learning roadmap and the courses to help you learn the core data ...
"
            
            Best Data Science Books for Beginners 📚
          ",https://www.youtube.com/watch?v=uFTd2b23GvI&pp=ygUMRGF0YSBTY2llbmNl,Thu Vu data analytics,https://www.youtube.com/@Thuvu5,223K views,6 months ago,"Hey data nerds, in today's video we'll go over some of my recommended books for data science beginners. I'll talk about books for ..."
"
            
            How to Learn PYTHON for Data Science in 14 Days (2023 Roadmap)
          ",https://www.youtube.com/watch?v=2o89MY7dix8&pp=ygUMRGF0YSBTY2llbmNl,WsCube Tech,https://www.youtube.com/@wscubetech,6.4K views,1 day ago,"In this video, we will explore a comprehensive 14-day roadmap to learn Python for data science. With step-by-step guidance, you ..."
"
            
            Data Science Job Opportunity (by Myanmar Data Science)
          ",https://www.youtube.com/watch?v=9AYJ_AWEdMc&pp=ygUMRGF0YSBTY2llbmNl,MYANMAR DATA SCIENCE,https://www.youtube.com/@MYANMARDATASCIENCE,2K views,1 year ago,"In this video, we will answer one of the most asked questions from learner, i.e. the job prospective of a data science professional."
"
            
            6 Months Data Science RoadMap 2023
          ",https://www.youtube.com/watch?v=NWzbdWf7Yts&pp=ygUMRGF0YSBTY2llbmNl,Krish Naik,https://www.youtube.com/@krishnaik06,83K views,3 months ago,We at PW Skills are happy to announce below Data Science Batch Best Affordable Data Science Course From Pwskills(6-7 ...
"
            
            WGU Data Analytics Degree: How To Graduate In 6 Months
          ",https://www.youtube.com/watch?v=bXvR6InX1QU&pp=ygUMRGF0YSBTY2llbmNl,Shane Hummus,https://www.youtube.com/@ShaneHummus,7.1K views,2 months ago,---------- These videos are for entertainment purposes only and they are just Shane's opinion based off of his own life experience ...
"
            
            FASTEST Way to Learn Data Science and ACTUALLY Get a Job
          ",https://www.youtube.com/watch?v=AI1eKN1Eldg&pp=ygUMRGF0YSBTY2llbmNl,Power Couple,https://www.youtube.com/@Power_Couple,65K views,8 months ago,Becoming a Data Scientist requires mastering many different skills. In this video we will cover: 1. How to become a Data Scientist ...
"
            
            how to learn Data Science from scratch in 2023
          ",https://www.youtube.com/watch?v=kOOtg75iZJ4&pp=ygUMRGF0YSBTY2llbmNl,The Almost Astrophysicist,https://www.youtube.com/@TheAlmostAstrophysicist,6.1K views,3 months ago,"THIS is the video for anyone who wants to learn Data Science in 2023!! I have a whole data science framework, real examples, ..."
"
            
            Data Scientist in Germany 🇩🇪 |
          ",https://www.youtube.com/watch?v=mtTiu0rxy-4&pp=ygUMRGF0YSBTY2llbmNl,Nikhilesh Dhure,https://www.youtube.com/@NikhileshDhure,658K views,2 months ago,Data Science mein succeed hone ke liye kya skills chahye ? #datascience #datascientist #computerscience #ai #ml #tu ...
"
            
            3 Types of Data Science Interview Questions
          ",https://www.youtube.com/watch?v=4Z6lxfglvUU&pp=ygUMRGF0YSBTY2llbmNl,Joma Tech,https://www.youtube.com/@jomaoppa,612K views,4 years ago,Some of the links in this description are affiliate links that I get a kickback from.
"
            
            Data Engineer Vs Data Analyst Vs Data Scientist basics explained in Tamil | Karthik's Show
          ",https://www.youtube.com/watch?v=kF7t5SLp_V8&pp=ygUMRGF0YSBTY2llbmNl,Karthik's Show,https://www.youtube.com/@KarthiksShow,13K views,9 months ago,"This video explains, Data Engineer in Tamil, Data Analyst in Tamil, Data Scientist in Tamil, what kind of job are done in these roles ..."
"
            
            Data Science Roadmap 2023 In Hindi | Learn Data Science Skills in 6 Months
          ",https://www.youtube.com/watch?v=cw_COS1BaKU&pp=ygUMRGF0YSBTY2llbmNl,codebasics Hindi,https://www.youtube.com/@codebasicsHindi,17K views,3 months ago,"The only roadmap you need to learn skills required for a data scientist career in 2023. No clickbait, No BS. Only real advice."
"
            
            How to learn data science in 2022 (the minimize effort maximize outcome way)
          ",https://www.youtube.com/watch?v=Axu4tJl8gbM&pp=ygUMRGF0YSBTY2llbmNl,Tina Huang,https://www.youtube.com/@TinaHuang1,468K views,2 years ago,"In this video, I cover how to learn data science in 2022 (which tbh is the same as how I would learn data science in 2021still lol) ..."
"
            
            How (in 2023) to Become a Data Scientist with No Experience
          ",https://www.youtube.com/watch?v=Dg5BzuJuURA&pp=ygUMRGF0YSBTY2llbmNl,365 Data Science,https://www.youtube.com/@365DataScience,18K views,10 months ago,"So, you want to become a data scientist but have no prior experience? Employers, on the other hand, are only interested in ..."
"
            
            Google’s BI vs. Advanced Data Analytics Certificates
          ",https://www.youtube.com/watch?v=Ss9SvcRORsk&pp=ygUMRGF0YSBTY2llbmNl,Luke Barousse,https://www.youtube.com/@LukeBarousse,52K views,6 days ago,"As an Amazon, Coursera, and Parallels Affiliate Programs member, I earn a commission from qualifying purchases on the links ..."
"
            
            Roadmap for Transitioning to Data Analytics in 2023
          ",https://www.youtube.com/watch?v=N1UMycRJbAw&pp=ygUMRGF0YSBTY2llbmNl,Thu Vu data analytics,https://www.youtube.com/@Thuvu5,78K views,2 weeks ago,"With the ever-increasing amount data in all industries and rapidly developing data science landscape, skilled data analysts are ..."
"
            
            Data Scientist vs Data Analyst - Which Is Right For You? (2023)
          ",https://www.youtube.com/watch?v=T08eJt9DlgU&pp=ygUMRGF0YSBTY2llbmNl,CareerFoundry,https://www.youtube.com/@careerfoundry,18K views,1 year ago,"What's the difference between Data Science and Data Analytics? Both roles are in huge demand at the moment, so let's define ..."
"
            
            See Part 2 with the Data Scientist in the comments...
          ",https://www.youtube.com/shorts/FvGRKQipTP8,The Final Round,https://www.youtube.com/@TheFinalRoundPod,2.9M views,9 months ago,Watch Part 2 here: https://www.youtube.com/watch?v=NGvHVpFSJk8.
"
            
            Data Science kim uchun? | Anvar Narzullaev
          ",https://www.youtube.com/watch?v=bvw7YtyBRPA&pp=ygUMRGF0YSBTY2llbmNl,Mohirdev,https://www.youtube.com/@Mohirdev,4.9K views,1 year ago,Data Science kim uchun? Sayt: https://mohirdev.uz Telegram: https://t.me/mohirdev Facebook: https://facebook.com/mohirdev ...
"
            
            How I Would Learn Data Science in 2022
          ",https://www.youtube.com/watch?v=Rt6eb9VOFII&pp=ygUMRGF0YSBTY2llbmNl,Recall by Dataiku,https://www.youtube.com/@RecallbyDataiku,233K views,1 year ago,"In this video, I go through how I would learn data science in 2022. Tina's channel: https://youtube.com/c/TinaHuang1 Learn more ..."
"
            
            FASTEST Way to Become a Data Analyst and ACTUALLY Get a Job
          ",https://www.youtube.com/watch?v=AYWLZ1lES6g&pp=ygUMRGF0YSBTY2llbmNl,Stefanovic,https://www.youtube.com/@Stefanovic92,1.8M views,9 months ago,#dataanalytics #datascience #data ▻FOLLOW MY JOURNEY: Instagram: https://instagram.com/stefanovic92 ▻1-1 COACHING ...
"
            
            Data Science for Beginners | Google Advanced Data Analytics Certificate
          ",https://www.youtube.com/watch?v=4DlsTsqpY84&pp=ygUMRGF0YSBTY2llbmNl,Google Career Certificates,https://www.youtube.com/@GoogleCareerCertificates,824K views,12 days ago,"This is the first of seven courses in the Google Advanced Data Analytics Certificate, which will help you develop the skills you ..."
"
            
            Can ChatGPT Replace Data Scientists? 🤔
          ",https://www.youtube.com/watch?v=hucuMCZBbIY&pp=ygUMRGF0YSBTY2llbmNl,Thu Vu data analytics,https://www.youtube.com/@Thuvu5,59K views,2 months ago,TIMESTAMPS ================================ 0:00 - What is this video about? 0:47 - ChatGPT & how it works 1:28 ...
"
            
            What is Data Science REALLY? #shorts #datascience
          ",https://www.youtube.com/shorts/tHJyTBaGLDY,Nicholas Renotte,https://www.youtube.com/@NicholasRenotte,27K views,1 year ago,Happy coding! Nick P.s. Let me know how you go and drop a comment if you need a hand!
"
            
            Salary of Data Analyst and Data Scientist #youtubeshorts
          ",https://www.youtube.com/shorts/GHfR-QKMOJ4,Coding for All | Newton School,https://www.youtube.com/@codingforallnewtonschool,52K views,3 months ago,-------- About Newton School -------- NEWTON SCHOOL is an online Edtech company providing the ...
"
            
            Is Data Science Dying?
          ",https://www.youtube.com/watch?v=2qVWurPFwfc&pp=ygUMRGF0YSBTY2llbmNl,Ken Jee,https://www.youtube.com/@KenJee_ds,115K views,1 year ago,In this video I analyze if data science is dying. I address (1) is it trending downward? (2) Will it be automated and (3) Will there be ...
"
            
            Data Science Jobs WITHOUT Experience 🤷🏼‍♂️❌🧑‍💻
          ",https://www.youtube.com/shorts/NjdtctYbrLk,Luke Barousse,https://www.youtube.com/@LukeBarousse,14K views,4 months ago,Full video here youtu.be/MfUzKeEKtr8 Data Science youtube.com/@KenJee_ds Courses for Data Nerds ...
"
            
            Difference between Data Analytics and Data Science . #shorts #short
          ",https://www.youtube.com/shorts/LtVFlE-xaAQ,Alankar Gupta,https://www.youtube.com/@Alankar-Gupta,12K views,2 months ago,The major difference between data science and data analytics is scope. A data scientist's role is far broader than that of a data ...
"
            
            How I Would Learn to be a Data Analyst
          ",https://www.youtube.com/watch?v=CC66RXeTn_4&pp=ygUMRGF0YSBTY2llbmNl,Luke Barousse,https://www.youtube.com/@LukeBarousse,1.1M views,1 year ago,... Data Science https://lukeb.co/SQLdataScience Excel Skills for Business https://lukeb.co/ExcelBusinessAnalyst Data ...
"
            
            The Google Advanced Data Analytics Certificate - BEST Course For Data Analysts?
          ",https://www.youtube.com/watch?v=VIwlT65n_9M&pp=ygUMRGF0YSBTY2llbmNl,Learn with Lukas,https://www.youtube.com/@learnwithlukas,4.6K views,9 days ago,"In this video, I go over the new Google Advanced Data Analytics Certificate that was just released. We'll go over it, and then see ..."
"
            
            IPL 2020: Data Science of Winning | Dhruv Rathee
          ",https://www.youtube.com/watch?v=fnHEDbFsZEE&pp=ygUMRGF0YSBTY2llbmNl,Dhruv Rathee,https://www.youtube.com/@dhruvrathee,1.6M views,2 years ago,"Is it possible to scientifically choose the most valuable players in IPL auction, create the winning team and go on to win the IPL ..."
"
            
            The most important skills of data scientists | Jose Miguel Cansado | TEDxIEMadrid
          ",https://www.youtube.com/watch?v=qrhRfPY4F4w&pp=ygUMRGF0YSBTY2llbmNl,TEDx Talks,https://www.youtube.com/@TEDx,257K views,5 years ago,"How big data starts to drive the world, and what kind of skills will you need to interpret it? General Director of Alto Data Analytics, ..."
"
            
            AI VS ML VS DL VS Data Science
          ",https://www.youtube.com/watch?v=k2P_pHQDlp0&pp=ygUMRGF0YSBTY2llbmNl,Krish Naik,https://www.youtube.com/@krishnaik06,2.5M views,3 years ago,Please do subscribe my vlogging channel for motivational videos ...
"
            
            The man who saved New York City using Data Science
          ",https://www.youtube.com/watch?v=7ZcmboYbNPQ&pp=ygUMRGF0YSBTY2llbmNl,Joma Tech,https://www.youtube.com/@jomaoppa,616K views,1 year ago,Inspired by The Crime Machine by Reply All HOW DO I GET A TECH JOB?
"
            
            Reality behind data science, machine learning jobs
          ",https://www.youtube.com/shorts/R6u5EBWAssY,codebasics,https://www.youtube.com/@codebasics,942K views,1 year ago,Reality behind data science jobs. Is machine learning really cool? Do you want to learn technology from me?
"
            
            NON-IT to Data Science in 6 Months 🔥 | 2023 Data Analyst RoadMap | Best Data Science Online Course
          ",https://www.youtube.com/watch?v=BL6KPRNLpjk&pp=ygUMRGF0YSBTY2llbmNl,Mausam Nagpal,https://www.youtube.com/@MausamNagpal,2.7K views,21 hours ago,NON-IT to Data Science in 6 Months | 2023 Data Analyst RoadMap | Best Data Science Online Course #datascience ...
"
            
            The NBA Data Scientist
          ",https://www.youtube.com/watch?v=MpLHMKTolVw&pp=ygUMRGF0YSBTY2llbmNl,Bloomberg Originals,https://www.youtube.com/@business,482K views,3 years ago,"With her PhD in math, Ivana Seric had expected to wind up with a career in academia—but thanks to the growing use of statistical ..."
"
            
            Math for Machine Learning and Data Science Specialization Review | Why You Need to Learn Math 🤔
          ",https://www.youtube.com/watch?v=JPHS10dt_CY&pp=ygUMRGF0YSBTY2llbmNl,Thu Vu data analytics,https://www.youtube.com/@Thuvu5,25K views,2 months ago,"Hey data nerds , in this video I'm giving a review on the Mathematics for Machine Learning and Data Science Specialization by ..."
"
            
            Is Data Science Dying in 2022?
          ",https://www.youtube.com/watch?v=rqvyWUODZGE&pp=ygUMRGF0YSBTY2llbmNl,Recall by Dataiku,https://www.youtube.com/@RecallbyDataiku,170K views,9 months ago,"In this video, I talk about if data science is a dying field in 2022. I think this is a very legitimate concern since we've seen whole ..."
"
            
            How I Would Learn Data Science in 2022 (If I Had to Start Over)
          ",https://www.youtube.com/watch?v=xpIFS6jZbe8&pp=ygUMRGF0YSBTY2llbmNl,Ken Jee,https://www.youtube.com/@KenJee_ds,329K views,1 year ago,"Every year, I like to refresh my advice about how I would go about learning data science from ground zero. The data domain is ..."
"
            
            Data Science Tutorial | Data Science for Beginners | Data Science with Python Tutorial | Simplilearn
          ",https://www.youtube.com/watch?v=jNeUBWrrRsQ&pp=ygUMRGF0YSBTY2llbmNl,Simplilearn,https://www.youtube.com/@SimplilearnOfficial,75K views,4 years ago,"This Data Science Tutorial will help you understand what is Data Science, who is a Data Scientist, what does a Data Scientist do ..."
"
            
            Data Science Pronto! - Bootstrapping
          ",https://www.youtube.com/watch?v=iPmNWjWoFIs&pp=ygUMRGF0YSBTY2llbmNl,KNIMETV,https://www.youtube.com/@KNIMETV,1.3K views,1 year ago,"But, the less data we have, the more likely the sample properties skew the results: for example, an outlier will bias the sample ..."
"
            
            Data science for the environment | Dan Hammer | TEDxBerkeley
          ",https://www.youtube.com/watch?v=ph439t-kTIE&pp=ygUMRGF0YSBTY2llbmNl,TEDx Talks,https://www.youtube.com/@TEDx,34K views,5 years ago,"Since the industrial revolution, as human technology has advanced, the environment has suffered. Dan Hammer is looking to turn ..."
"
            
            Top 25 Engineering Colleges for B.Tech Artificial Intelligence and Data Science-TamilNadu|TNEA 2023
          ",https://www.youtube.com/watch?v=vSeihGrdJi0&pp=ygUMRGF0YSBTY2llbmNl,DINESH PRABHU,https://www.youtube.com/@DINESHPRABHU,8.6K views,4 days ago,artificialintelligence #datascience #dineshprabhu #college #tnea2023 #tnea #annauniversity Python Course Registration ...
"
            
            Data Science vs Software Engineering by Artur Meyster, CTO of #CareerKarma
          ",https://www.youtube.com/watch?v=aGxcG4iTSpI&pp=ygUMRGF0YSBTY2llbmNl,Career Karma,https://www.youtube.com/@CareerKarma,59K views,3 years ago,"When you begin researching the tech field, you're likely to come across a wide range of different roles and careers. Two of the ..."
"
            
            Everything Data Science
          ",https://www.youtube.com/watch?v=VPVirZTfcz0&pp=ygUMRGF0YSBTY2llbmNl,The Math Sorcerer,https://www.youtube.com/@TheMathSorcerer,88K views,5 months ago,In this video I will give you the resources you need to learn data science from zero knowledge. We will discuss several ...
"
            
            Should you get a Master's in Data Science?
          ",https://www.youtube.com/watch?v=g4qRple_dmM&pp=ygUMRGF0YSBTY2llbmNl,Jay Feng,https://www.youtube.com/@iqjayfeng,30K views,1 year ago,Should you get a Master's degree in data science? Maybe or maybe not. Subscribe to my data science channel: ...
"
            
            Top Jobs in Data Science
          ",https://www.youtube.com/watch?v=VrdnBxx8BBI&pp=ygUMRGF0YSBTY2llbmNl,Luke Barousse,https://www.youtube.com/@LukeBarousse,149K views,1 year ago,"What's up, Data Nerds! I was interested to learn more about what others are doing in some of the top jobs in data science."
"
            
            Data Scientist vs Data Analyst | Which Is Right For You?
          ",https://www.youtube.com/watch?v=fUpChfNN5Uo&pp=ygUMRGF0YSBTY2llbmNl,Alex The Analyst,https://www.youtube.com/@AlexTheAnalyst,702K views,2 years ago,"Data Scientists and Data Analysts are some of the most sought after jobs in the data world. Both share a lot of similar tools, but the ..."
"
            
            Computer Science vs. Data Science
          ",https://www.youtube.com/watch?v=r1xphxV7rfw&pp=ygUMRGF0YSBTY2llbmNl,Khoury College of Computer Sciences,https://www.youtube.com/@khourycollege,814 views,2 months ago,Associate Teaching Professor Scott Valcourt explains the difference between computer science and data science.
"
            
            All Data Science Degree Courses For FREE! Harvard MIT Free Courses
          ",https://www.youtube.com/watch?v=3USVW3kpwyY&pp=ygUMRGF0YSBTY2llbmNl,Ishan Sharma,https://www.youtube.com/@IshanSharma7390,134K views,1 year ago,"In this video, I talk about a free learning path that you can take to learn about data science. This path includes all the courses you ..."
"
            
            Should You Scale Your Data ??? : Data Science Concepts
          ",https://www.youtube.com/watch?v=n9KeJLGwW0U&pp=ygUMRGF0YSBTY2llbmNl,ritvikmath,https://www.youtube.com/@ritvikmath,4.3K views,2 years ago,When should you scale your data ??? My Patreon : https://www.patreon.com/user?u=49277905.
"
            
            Is Data Science dying? End of 2022 UPDATE
          ",https://www.youtube.com/watch?v=IUbt3PUsNGE&pp=ygUMRGF0YSBTY2llbmNl,Jay Feng,https://www.youtube.com/@iqjayfeng,6.4K views,3 months ago,"The data science job market was down by 26% in 2022! Over the last 18 months, we've been scraping job listing data from ..."
"
            
            DATA SCIENCE IN TAMIL
          ",https://www.youtube.com/shorts/3R5n34PD21g,MATT ENGINEERING SOLUTIONS,https://www.youtube.com/@MattEngineering,68K views,1 year ago,
"
            
            Full Stack Data Science Roadmap 2023
          ",https://www.youtube.com/watch?v=QnGotm29cZE&pp=ygUMRGF0YSBTY2llbmNl,Thu Vu data analytics,https://www.youtube.com/@Thuvu5,132K views,3 months ago,Hi everyone! I hope you are doing well. 2022 is ending and it's time to talk about a learning roadmap to fast track your data ...
"
            
            Data Science
          ",https://www.youtube.com/watch?v=5UrXFpcTQTU&pp=ygUMRGF0YSBTY2llbmNl,UMich CSE,https://www.youtube.com/@UMichCSE,8.5K views,3 years ago,"Both majors will prepare you to quantify and address the pressing concerns of modern society, including those in healthcare, ..."
"
            
            Data Science VS Software Engineering - Pros & Cons, Salary & Job Security info to help you choose
          ",https://www.youtube.com/watch?v=jGm0x_JbkD8&pp=ygUMRGF0YSBTY2llbmNl,Damsel in Data,https://www.youtube.com/@damselindata,6K views,2 months ago,datascience #softwareengineering #techjobs If you need help deciding between data science and software engineering this ...
"
            
            What is Data Science || कैसे बने  Data Scientist Complete Roadmap इसी Video में |
          ",https://www.youtube.com/watch?v=ohHc6yI7acU&pp=ygUMRGF0YSBTY2llbmNl,Business Sections,https://www.youtube.com/@BusinessSections,10K views,8 months ago,Hey Dosto ! In this video we discussed What is Data Science and how to become a data science engineer . start your Data ...
"
            
            day in the life of a Data Scientist at a tech start-up
          ",https://www.youtube.com/watch?v=0-VMU9Im45I&pp=ygUMRGF0YSBTY2llbmNl,The Almost Astrophysicist,https://www.youtube.com/@TheAlmostAstrophysicist,29K views,1 year ago,hellloooo here's a day in the life of a Data Scientist!! I'm LOVING my new job at my new company so here's a full day in the life at a ...
"
            
            Google Just Killed R (Google Advanced Data Analytics Professional Certificate with Coursera)
          ",https://www.youtube.com/watch?v=sRyxw_6wY48&pp=ygUMRGF0YSBTY2llbmNl,Greg Hogg,https://www.youtube.com/@GregHogg,14K views,12 days ago,"Google's original certificate is on the outs, and their new one is in: the Google Advanced Data Analytics Professional Certificate ..."
"
            
            👩🏻‍💻 How to learn Data Science FASTER
          ",https://www.youtube.com/watch?v=lpSw_RAPmgc&pp=ygUMRGF0YSBTY2llbmNl,Thu Vu data analytics,https://www.youtube.com/@Thuvu5,66K views,10 months ago,"Hey data nerds , in today's video we'll be talking about some tips on how to learn data science faster. I struggled in the past to ..."
"
            
            The Different Types of Data Science Jobs Explained in 5 Minutes
          ",https://www.youtube.com/watch?v=CIdSwQqRKc4&pp=ygUMRGF0YSBTY2llbmNl,365 Data Science,https://www.youtube.com/@365DataScience,6.4K views,6 months ago,"When looking for a job in this field, remember that working with data is a metaskill; there's not only one specific skillset required to ..."
"
            
            How I Would Learn Data Science in 2022 (If I Could Start Over) part 2
          ",https://www.youtube.com/watch?v=8UUhGXmT0O8&pp=ygUMRGF0YSBTY2llbmNl,Sundas Khalid,https://www.youtube.com/@SundasKhalid,31K views,9 months ago,"Hi friends, in today's video I am sharing the framework + top data science Coursera courses on how I would learn data science in ..."
"
            
            Data Science with NO coding 😳👨🏼‍💻
          ",https://www.youtube.com/shorts/YrubB5aXStY,Luke Barousse,https://www.youtube.com/@LukeBarousse,23K views,3 months ago,Full Video Here youtu.be/VrdnBxx8BBI Courses for Data Nerds ================================== Google Data ...
"
            
            How To Learn Data Science Smartly?
          ",https://www.youtube.com/watch?v=csG_qfOTvxw&pp=ygUMRGF0YSBTY2llbmNl,Krish Naik,https://www.youtube.com/@krishnaik06,1.5M views,3 years ago,Hello All in this video we will understand how we can learn Data Science Smartly Please join as a member in my channel to get ...
"
            
            Python For Data Science Full Course - 9 Hours | Data Science With Python | Python Training | Edureka
          ",https://www.youtube.com/watch?v=-6RqxhNO2yY&pp=ygUMRGF0YSBTY2llbmNl,edureka!,https://www.youtube.com/@edurekaIN,307K views,3 years ago,00:00 Agenda 02:37 Introduction To Data Science 03:03 Need for Data Science 06:05 What is Data Science 10:56 Data Science ...
"
            
            How to prepare for your Microsoft Interview: Data Science
          ",https://www.youtube.com/watch?v=-STFTV0CYPs&pp=ygUMRGF0YSBTY2llbmNl,Working at Microsoft,https://www.youtube.com/@WorkingAtMicrosoft,28K views,1 year ago,Are you a university student or recent grad preparing for a Data Science interview with Microsoft? Prepare for your interview with ...
"
            
            How to Get Job as Data Science Fresher? #datascience
          ",https://www.youtube.com/shorts/fjeIV24tfCg,BEPEC by Kanth - #BuildExperience & Get Hired!,https://www.youtube.com/@BEPEC,36K views,1 month ago,Speak with our Mentor: www.instagram.com/meet_kanth/
"
            
            Women Rock-IT: What's So Exciting About Data Science?
          ",https://www.youtube.com/watch?v=x58JuoPgX90&pp=ygUMRGF0YSBTY2llbmNl,Cisco,https://www.youtube.com/@CiscoSystems,3.5K views,Streamed 5 months ago,"Annie Hardy, a strategist, futurist and an expert in human-machine interaction and Amber Yandow a Data Science expert, coach, ..."
"
            
            10 ML algorithms in 45 minutes | machine learning algorithms for data science | machine learning
          ",https://www.youtube.com/watch?v=z18nw4adsx4&pp=ygUMRGF0YSBTY2llbmNl,Unfold Data Science,https://www.youtube.com/@UnfoldDataScience,16K views,3 months ago,10 ML algorithms in 45 minutes | machine learning algorithms for data science | machine learning #machinelearning ...
"
            
            Step by step roadmap to learn data science in 6 months | 6 महीने में Data Science सीखें
          ",https://www.youtube.com/watch?v=9XSIVbFPS7s&pp=ygUMRGF0YSBTY2llbmNl,codebasics Hindi,https://www.youtube.com/@codebasicsHindi,127K views,2 years ago,Do you want to learn data science step by step starting from very beginning? Are you the person who doesn't have any technical ...
"
            
            How I Would Learn Data Analysis (If I Could Start Over)
          ",https://www.youtube.com/watch?v=qWEHO8b6WbA&pp=ygUMRGF0YSBTY2llbmNl,Stefanovic,https://www.youtube.com/@Stefanovic92,409K views,5 months ago,... Analytics: https://www.coursera.org/learn/introduction-to-data-analytics?specialization=ibm-data-analyst Harvard Data Science ...
"
            
            Data Science kya hota hai ? What is Data Science ? #PWSkills #CollegeWallah
          ",https://www.youtube.com/shorts/sWMZW9qf_-Y,College Wallah,https://www.youtube.com/@CollegeWallahbyPW,27K views,3 months ago,#DataScience #PWSkills #CollegeWallah #PhysicsWallah.
"
            
            Why To Choose Data Science As A Career In 2023?
          ",https://www.youtube.com/watch?v=dcGwuETxhrk&pp=ygUMRGF0YSBTY2llbmNl,Krish Naik,https://www.youtube.com/@krishnaik06,24K views,3 months ago,Data science is a rapidly growing field with many job opportunities in a variety of industries. Organizations are increasingly ...
"
            
            Is Data Science the right choice? | Career in Data Science | #Shorts #datascience
          ",https://www.youtube.com/shorts/TZn5YUeytgg,Board Infinity,https://www.youtube.com/@Board_Infinity,63K views,7 months ago,"In this video, we will discuss whether data science is the right career choice or not. Data Science involves the study of information ..."
"
            
            O que é Data science, em 100 segundos
          ",https://www.youtube.com/watch?v=QB905pGyFu4&pp=ygUMRGF0YSBTY2llbmNl,Data Hackers,https://www.youtube.com/@DataHackers,9.7K views,1 year ago,Tudo que você precisa pra saber o que é Ciência de Dados são apenas 100 segundos. Qual outro assunto deveríamos fazer em ...
"
            
            Learning Machine Learning has never been easier #shorts #machinelearning #statistics #datascience
          ",https://www.youtube.com/shorts/GXxjd1za6jk,Greg Hogg,https://www.youtube.com/@GregHogg,185K views,11 months ago,Here's my favourite resources: Best Courses for Analytics: ...
"
            
            Is the IBM Data Science Certificate Worth it?
          ",https://www.youtube.com/watch?v=FQEmF3RT-S4&pp=ygUMRGF0YSBTY2llbmNl,Wale Gbads,https://www.youtube.com/@walegbads,23K views,10 months ago,In this video I took a stab at the IBM Data Science Professional Certificate to get a feel of the certificate and find out if it is worth ...
"
            
            2 Major Problems with @PhysicsWallah Data Science Course | PW Skills Data Science Course Review
          ",https://www.youtube.com/watch?v=R5mSegljWls&pp=ygUMRGF0YSBTY2llbmNl,The Engineer Guy 2.0,https://www.youtube.com/@theengineerguy_,15K views,1 month ago,2 Major Problems with Data Science Course | PW Skills Data Science Course Review Get a flat 15% Discount on all ...
"
            
            Get JOB in Data Science with IBM Data Science Professional Certification Course 🔥
          ",https://www.youtube.com/watch?v=SbOXK7Rre-E&pp=ygUMRGF0YSBTY2llbmNl,Rishabh Mishra,https://www.youtube.com/@RishabhMishraOfficial,17K views,4 months ago,"Now you can get a job in Data Science with IBM Data Science Certification course on Coursera. This course is for beginners, ..."
"
            
            A/B Testing in Data Science Interviews by a Google Data Scientist | DataInterview
          ",https://www.youtube.com/watch?v=DUNk4GPZ9bw&pp=ygUMRGF0YSBTY2llbmNl,DataInterview,https://www.youtube.com/@DataInterview,49K views,1 year ago,====== ✓ Details ====== Ever wondered how to ace the A/B testing questions in data science interviews? Explained by Dan ...
"
            
            All Data Science Degree Courses For FREE! Harvard MIT Free Courses 2022
          ",https://www.youtube.com/watch?v=mVqyNv2fBn4&pp=ygUMRGF0YSBTY2llbmNl,Ishan Sharma,https://www.youtube.com/@IshanSharma7390,279K views,1 year ago,Timestamps 0:00 Scope of Data Science 1:35 Salary of a Data Scientist 2:50 Free Data Science Masterclasses by Scaler ...
"
            
            Entropy (for data science) Clearly Explained!!!
          ",https://www.youtube.com/watch?v=YtebGVx-Fxw&pp=ygUMRGF0YSBTY2llbmNl,StatQuest with Josh Starmer,https://www.youtube.com/@statquest,398K views,1 year ago,"Entropy is a fundamental concept in Data Science because it shows up all over the place - from Decision Trees, to similarity ..."
"
            
            5 ways to remove fresher tag | Data Science fresher jobs | How to get the first job in data science.
          ",https://www.youtube.com/watch?v=EyIXLXaqGWI&pp=ygUMRGF0YSBTY2llbmNl,Unfold Data Science,https://www.youtube.com/@UnfoldDataScience,4.4K views,2 months ago,5 ways to remove fresher tag | Data Science fresher jobs | How to get the first job in data science. #machinelearning #datascience ...
"
            
            How to Learn Math for Data Science (and stay sane!)
          ",https://www.youtube.com/watch?v=A8Abf3u0ZIs&pp=ygUMRGF0YSBTY2llbmNl,Thu Vu data analytics,https://www.youtube.com/@Thuvu5,149K views,11 months ago,TIMESTAMPS ================================ 0:00 - Intro 0:37 - The math you need to know for DS 1:12 - !!You don't ...
"
            
            Mac vs PC for Data Science (SPOILER: Don't get a Mac...)
          ",https://www.youtube.com/watch?v=U4vh2EClJic&pp=ygUMRGF0YSBTY2llbmNl,Luke Barousse,https://www.youtube.com/@LukeBarousse,134K views,1 year ago,Should you get a Mac or PC (Windows Machine) for Data Science? I polled my subscribers recently to find out what machine they ...
"
            
            don't become a data scientist if... #shorts #datascience
          ",https://www.youtube.com/shorts/qquFRZXHlBk,candidly vivian,https://www.youtube.com/@candidlyvivian,115K views,6 months ago,thinking of going into data science in college? here are three reasons why you should NOT.
"
            
            Intro to Data Science: Overview
          ",https://www.youtube.com/watch?v=pzo13OPXZS4&pp=ygUMRGF0YSBTY2llbmNl,Steve Brunton,https://www.youtube.com/@Eigensteve,123K views,3 years ago,"This lecture provides an introductory overview to data science. I will discuss the high-level goals of this lecture series, and how ..."
"
            
            MicroMasters® Program in Statistics and Data Science
          ",https://www.youtube.com/watch?v=P4zzBNo4v8w&pp=ygUMRGF0YSBTY2llbmNl,MITx Videos,https://www.youtube.com/@MITxVideos,21K views,1 year ago,"From probability and statistics to data analysis and machine learning, master the skills needed to solve complex challenges with ..."
"
            
            Best Data Science Program in the Country | Introducing the Purdue Data Mine
          ",https://www.youtube.com/watch?v=R_kqpIMyhR4&pp=ygUMRGF0YSBTY2llbmNl,Purdue University,https://www.youtube.com/@PurdueUniversity,125K views,1 year ago,"If you're looking for the best data science program in the country, you should know about the Purdue Data Mine. Data is the most ..."
"
            
            How to Explain Data Science Projects in Interviews | Project-based Questions
          ",https://www.youtube.com/watch?v=pVQ-05ZYZJE&pp=ygUMRGF0YSBTY2llbmNl,Emma Ding,https://www.youtube.com/@emma_ding,31K views,2 years ago,How to Talk About Previous Data Science Projects in Interviews | Project-based Questions | Data Science Interview Why The ...
"
            
            How data science is changing the world of sports
          ",https://www.youtube.com/watch?v=8be9t8gdeu4&pp=ygUMRGF0YSBTY2llbmNl,Interesting Engineering,https://www.youtube.com/@Interestingengineeringofficial,11K views,1 year ago,"You've probably heard of sports analytics, but did you know the technology has completely transformed the world of sports?"
"
            
            Top Data Science Interview Questions for 2022
          ",https://www.youtube.com/watch?v=Aarb0_Cw_48&pp=ygUMRGF0YSBTY2llbmNl,Jay Feng,https://www.youtube.com/@iqjayfeng,6.2K views,8 months ago,"In this video, I'll go over the eight different types of interview questions (with answers) asked in Data Science interviews."
"
            
            Google vs IBM Data Analytics Certificates | Which is Better?
          ",https://www.youtube.com/watch?v=9RRQtNnq3s0&pp=ygUMRGF0YSBTY2llbmNl,Alex The Analyst,https://www.youtube.com/@AlexTheAnalyst,263K views,2 years ago,Google vs IBM Data Analyst Certification - Which should you take? Today we do a quick comparison of these 2 popular ...
"
            
            Why You Probably Won't Become a Data Scientist
          ",https://www.youtube.com/watch?v=sHRq-LshG3U&pp=ygUMRGF0YSBTY2llbmNl,Ken Jee,https://www.youtube.com/@KenJee_ds,134K views,2 years ago,In this video I highlight the main reasons why it is unlikely that you will become a data scientist. TO BE CLEAR I still think it is ...
"
            
            DATA SCIENCE INTERVIEW GUIDE | every type of interview question explained
          ",https://www.youtube.com/watch?v=PNr51ZJkoBU&pp=ygUMRGF0YSBTY2llbmNl,The Almost Astrophysicist,https://www.youtube.com/@TheAlmostAstrophysicist,33K views,1 year ago,"As a data scientist at a tech start-up and someone who's interviewed people in the past, there is only so much an interviewer can ..."
"
            
            Will Quant Finance End Up Like Data Science
          ",https://www.youtube.com/watch?v=IbZlOaWchgA&pp=ygUMRGF0YSBTY2llbmNl,Dimitri Bianco,https://www.youtube.com/@DimitriBianco,5.1K views,1 month ago,A subscriber wanted to know if quant finance will end up like data science where undergrads will be hired as the new normal.
"
            
            Josh Angrist: What's the Difference Between Econometrics and Data Science?
          ",https://www.youtube.com/watch?v=2EhRT2mOXm8&pp=ygUMRGF0YSBTY2llbmNl,Marginal Revolution University,https://www.youtube.com/@MarginalRevolutionUniversity,45K views,2 years ago,MIT's Josh Angrist explains the difference between econometrics and data science. You can also check out the related video ...
"
            
            5 Impactful Data Science Projects For Your Portfolio
          ",https://www.youtube.com/watch?v=QMP858aZcow&pp=ygUMRGF0YSBTY2llbmNl,Ken Jee,https://www.youtube.com/@KenJee_ds,53K views,9 months ago,datascience #KenJee #machinelearning I walk through 5 high-impact data science projects that you can add to your data science ...
"
            
            How I Would Learn Data Science (If I Had to Start Over)
          ",https://www.youtube.com/watch?v=4OZip0cgOho&pp=ygUMRGF0YSBTY2llbmNl,Ken Jee,https://www.youtube.com/@KenJee_ds,1.3M views,2 years ago,"In this video, I talk about how I would learn data science if I had to start again from scratch. Learning data science and machine ..."
"
            
            5 Benefits of Doing Data Science || Reasons to Study Data Science in 2022
          ",https://www.youtube.com/watch?v=bPVZ_j6ieb4&pp=ygUMRGF0YSBTY2llbmNl,Business Sections,https://www.youtube.com/@BusinessSections,4.4K views,5 months ago,Hey Dosto ! Here discussed about benefits of doing Data Science from india .what are the reason to study data science . Start your ...
"
            
            Fix this before you choose Data Science! #datascientist #shorts #developer #programming
          ",https://www.youtube.com/shorts/MkooBL3tmyM,BEPEC by Kanth - #BuildExperience & Get Hired!,https://www.youtube.com/@BEPEC,873K views,1 year ago,Looking for career guidance and Hike Guaranteed Career Transition Programs? Join our Career Transition Programs. Start your ...
"
            
            Learn Statistics for Data Science - Best Course & Free Resources
          ",https://www.youtube.com/watch?v=hMaWsrSRhFE&pp=ygUMRGF0YSBTY2llbmNl,Rishabh Mishra,https://www.youtube.com/@RishabhMishraOfficial,5.9K views,4 months ago,"Learn Statistics for Data Science from scratch, in this video we will cover which is the best course you can do for statistics and free ..."
"
            
            Data Scientist vs Data Engineer vs Data Analyst (funny!)
          ",https://www.youtube.com/watch?v=y3TxcejHw-4&pp=ygUMRGF0YSBTY2llbmNl,Luke Barousse,https://www.youtube.com/@LukeBarousse,72K views,1 year ago,"As a member of the Amazon, Coursera, Hostinger, and Data Camp Affiliate Programs, I earn a commission from qualifying ..."
"
            
            Learn data science for beginners (How to learn data science for free)?
          ",https://www.youtube.com/watch?v=Vn_mmOuQkSA&pp=ygUMRGF0YSBTY2llbmNl,codebasics,https://www.youtube.com/@codebasics,276K views,3 years ago,Even if you have non technical background you can learn data science online for free by following a step by step approach.
"
            
            Data Science in 8 Minutes | Data Science for Beginners | What is Data Science? | Edureka
          ",https://www.youtube.com/watch?v=KdgQvgE3ji4&pp=ygUMRGF0YSBTY2llbmNl,edureka!,https://www.youtube.com/@edurekaIN,368K views,4 years ago,0:57 What is Data Science? 1:11 How Data Science works? : Data Science at UBER 2:06 Data Science Process a. Business ...
"
            
            Step by step roadmap to learn data science in 6 months |  Complete data science roadmap
          ",https://www.youtube.com/watch?v=H4YcqULY1-Q&pp=ygUMRGF0YSBTY2llbmNl,codebasics,https://www.youtube.com/@codebasics,685K views,2 years ago,Complete data science roadmap: Do you want to learn data science step by step starting from very beginning? Are you the person ...
"
            
            Data Science in Hindi
          ",https://www.youtube.com/watch?v=qcqT5SqE8BY&pp=ygUMRGF0YSBTY2llbmNl,Intellectual Indies,https://www.youtube.com/@IntellectualIndies,464K views,4 years ago,Data Science in Hindi Learn Digital Marketing(Offline Course) Or Make Your Business Digital With Lapaas- Digital Marketing ...
"
            
            Is Google Data Analytics Certificate ACTUALLY Worth it 2023?
          ",https://www.youtube.com/watch?v=jSO0L4P8E28&pp=ygUMRGF0YSBTY2llbmNl,Sundas Khalid,https://www.youtube.com/@SundasKhalid,51K views,3 weeks ago,"In this video, we are deep-diving if Google's Data Analytics Certificate is still worth it. The last potion of the video is dedicated to ..."
"
            
            Data Science Internship Program | Why Become a Data Scientist | Edureka
          ",https://www.youtube.com/watch?v=tLuhqBfcixs&pp=ygUMRGF0YSBTY2llbmNl,edureka!,https://www.youtube.com/@edurekaIN,2.3M views,1 year ago,"Feel free to leave any queries or comments in the comment section below, we will be happy to answer   -------Edureka ..."
"
            
            Reviewing Google Data Analytics Certificate | Should You Take It?
          ",https://www.youtube.com/watch?v=yQNAooLLkzE&pp=ygUMRGF0YSBTY2llbmNl,Sundas Khalid,https://www.youtube.com/@SundasKhalid,215K views,1 year ago,"Hi friends, in today's video I am reviewing Google's Data Analytics Certificate. We will walk through the course in depth and you ..."
"
            
            Data Science vs Computer Science | Skills, Job, Salary, Education comparison
          ",https://www.youtube.com/watch?v=V6v-RrRRNeI&pp=ygUMRGF0YSBTY2llbmNl,Kanika Jindal,https://www.youtube.com/@kanikajindal,2K views,1 day ago,Music by RomanSenykMusic from Pixabay Ping me on: Instagram: https://www.instagram.com/jindal_kanika/ I try to make videos ...
"
            
            Learn Data Science step by step in Hindi | Data Science Tutorial for Beginners | Great Learning
          ",https://www.youtube.com/watch?v=N2UPlYHmvmk&pp=ygUMRGF0YSBTY2llbmNl,Great Learning,https://www.youtube.com/@greatlearning,191K views,2 years ago,"To keep up with the ever-evolving aspects of data and its domains, data handling and analysis have become crucial to ..."
"
            
            Ready for the Mathematics for Machine Learning and Data Science Specialization? 🚀
          ",https://www.youtube.com/watch?v=rt0uNjjBya4&pp=ygUMRGF0YSBTY2llbmNl,DeepLearningAI,https://www.youtube.com/@Deeplearningai,6.3K views,2 months ago,This specialization is absolutely jam-packed with foundational machine learning and data science skills and is appropriate for ...
"
            
            Data Science Salaries for 2022
          ",https://www.youtube.com/watch?v=aXnY-QlW3vM&pp=ygUMRGF0YSBTY2llbmNl,Jay Feng,https://www.youtube.com/@iqjayfeng,24K views,1 year ago,Let's have a look at data science salaries for 2022. See what real salaries are and how you can use these in your next salary ...
"
            
            From 0 in Coding to Data Analyst in 6 Months | How much coding do you need
          ",https://www.youtube.com/watch?v=R-kthpdpbI0&pp=ygUMRGF0YSBTY2llbmNl,Fraz,https://www.youtube.com/@FrazMohammad,170K views,2 months ago,"Kickstart your career in Data Science with OdinSchool's Bootcamp. Apply today! https://hubs.la/Q01CRtRK0 Hello, I am Fraz."
"
            
            How to learn data science with Coursera in 2022 (beginner-friendly)
          ",https://www.youtube.com/watch?v=GYRz3RAu4Bk&pp=ygUMRGF0YSBTY2llbmNl,Daniel Bourke,https://www.youtube.com/@mrdbourke,120K views,1 year ago,"This video details how to create your own beginner-friendly curriculum using Notion to learn Python, data science and machine ..."
"
            
            How to Prepare for the Data Science Manager Interview!
          ",https://www.youtube.com/watch?v=tklrOPG82Rc&pp=ygUMRGF0YSBTY2llbmNl,Jay Feng,https://www.youtube.com/@iqjayfeng,5.2K views,10 months ago,"In today's video, I will talk about how to prepare for the data science manager interview. We'll go through the interview process, ..."
"
            
            Data Science – Baba Brinkman Music Video
          ",https://www.youtube.com/watch?v=uHGlCi9jOWY&pp=ygUMRGF0YSBTY2llbmNl,Baba Brinkman,https://www.youtube.com/channel/UCz9Qm66ewnY0LAlZlL4HK9g,98K views,3 years ago,"Rap battle between a data scientist and a classical statistician, arguing for predictive algorithmic models versus inferential data ..."
"
            
            Data Science vs Computer Science Degree for Data Science Career
          ",https://www.youtube.com/watch?v=v1LZ04WDAOs&pp=ygUMRGF0YSBTY2llbmNl,365 Data Science,https://www.youtube.com/@365DataScience,125K views,3 years ago,In this video we will discuss whether a Data Science or Computer Science degree is the best choice for your data science career!
"
            
            Data Science || part 1 በአማርኛ : Introduction to Emerging Technology Course
          ",https://www.youtube.com/watch?v=21oeFO4C81U&pp=ygUMRGF0YSBTY2llbmNl,Hohite Aemiro,https://www.youtube.com/@HohiteAemiro,87K views,1 year ago,This video is about data science introduction prepared for Ethiopian university fresh man students.
"
            
            Why I left my Data Science Job at FANG (Facebook Amazon Netflix Google)
          ",https://www.youtube.com/watch?v=M5v1nXiUaOI&pp=ygUMRGF0YSBTY2llbmNl,Joma Tech,https://www.youtube.com/@jomaoppa,1.3M views,4 years ago,Some of the links in this description are affiliate links that I get a kickback from.
"
            
            Data Science Life Cycle Explained in Hindi
          ",https://www.youtube.com/watch?v=GLN1ntfpPm0&pp=ygUMRGF0YSBTY2llbmNl,5 Minutes Engineering,https://www.youtube.com/@5MinutesEngineering,11K views,7 months ago,Myself Shridhar Mankar a Engineer l YouTuber l Educational Blogger l Educator l Podcaster. My Aim- To Make Engineering ...
"
            
            M1 Max/Pro vs M1 Macbook for Data Science.... should you?!?
          ",https://www.youtube.com/watch?v=1sQDJSQBUe4&pp=ygUMRGF0YSBTY2llbmNl,Luke Barousse,https://www.youtube.com/@LukeBarousse,94K views,1 year ago,"How does the new M1 chip from Apple compare to the M1 Max and Pro chips? I set out to test the M1 chip on my 13"" Macbook Pro ..."
"
            
            What is A/B Testing? | Data Science in Minutes
          ",https://www.youtube.com/watch?v=zFMgpxG-chM&pp=ygUMRGF0YSBTY2llbmNl,Data Science Dojo,https://www.youtube.com/@Datasciencedojo,250K views,4 years ago,"What is A/B testing? In this quick tutorial, we go over the basics of A/B testing, as well as answer some in-depth questions such as: ..."
"
            
            Exploring the Different Types of Data Science Jobs on Upwork | Data Science Freelancing
          ",https://www.youtube.com/watch?v=KByrciKfxSI&pp=ygUMRGF0YSBTY2llbmNl,Pradip Nichite,https://www.youtube.com/@FutureSmartAI,1.7K views,1 month ago,Are you interested in exploring the world of data science freelancing and curious about the various jobs available on Upwork?
"
            
            Intro to Data Science: What is Data Science?
          ",https://www.youtube.com/watch?v=FsSrzmRawUg&pp=ygUMRGF0YSBTY2llbmNl,Steve Brunton,https://www.youtube.com/@Eigensteve,50K views,3 years ago,"This lecture provides an overview of the various components of data science, including data collection, cleaning, and curation, ..."
"
            
            RECESSION 2023: Should You Worry About Data Science Jobs? 📉
          ",https://www.youtube.com/watch?v=ZfN8nG0luig&pp=ygUMRGF0YSBTY2llbmNl,Thu Vu data analytics,https://www.youtube.com/@Thuvu5,41K views,4 months ago,Hi everyone! This video is slightly different from my usual content. But I'm hoping to provide a more positive take on the coming ...
